patient_id,icd_codes,comorbidities,treatment_phases
1,['C95.0'],[],"['diagnosis', 'induction', 'diagnosis', 'induction', 'induction']"
2,['C92.0'],"['I10', 'J45.9']","['maintenance', 'maintenance', 'diagnosis']"
3,['C91.0'],['E11.9'],"['diagnosis', 'maintenance', 'palliative', 'relapse', 'palliative', 'palliative']"
4,['C91.0'],"['E11.9', 'J45.9']","['diagnosis', 'induction', 'maintenance', 'relapse']"
5,['C91.0'],[],"['diagnosis', 'consolidation', 'consolidation']"
6,['C93.0'],"['K76.0', 'I10']","['relapse', 'diagnosis']"
7,['C92.0'],[],"['diagnosis', 'induction', 'induction', 'induction', 'consolidation']"
8,['C93.0'],['K76.0'],"['diagnosis', 'induction', 'palliative', 'maintenance', 'consolidation']"
9,['C95.0'],[],"['diagnosis', 'consolidation', 'induction', 'diagnosis']"
10,['C92.0'],"['J45.9', 'I10']","['consolidation', 'diagnosis']"
11,['C92.0'],[],"['diagnosis', 'relapse', 'maintenance', 'relapse']"
12,['C91.0'],[],"['relapse', 'consolidation', 'diagnosis', 'induction', 'maintenance']"
13,['C91.0'],['K76.0'],"['diagnosis', 'palliative', 'maintenance', 'consolidation']"
14,['C93.0'],[],"['diagnosis', 'induction', 'palliative']"
15,['C91.0'],[],"['diagnosis', 'induction', 'consolidation', 'maintenance', 'palliative']"
16,['C92.0'],"['I10', 'K76.0']","['diagnosis', 'relapse', 'relapse']"
17,['C95.0'],[],"['palliative', 'maintenance', 'consolidation', 'diagnosis']"
18,['C93.0'],['E11.9'],"['diagnosis', 'relapse', 'consolidation', 'palliative', 'maintenance']"
19,['C94.0'],"['E11.9', 'J45.9']","['consolidation', 'palliative', 'induction', 'diagnosis', 'induction']"
20,['C91.0'],"['J45.9', 'K76.0']","['diagnosis', 'consolidation', 'palliative', 'consolidation']"
21,['C93.0'],"['E11.9', 'K76.0']","['palliative', 'diagnosis', 'diagnosis']"
22,['C92.0'],[],"['diagnosis', 'consolidation', 'maintenance', 'consolidation']"
23,['C92.0'],"['K76.0', 'E11.9']","['diagnosis', 'maintenance', 'palliative']"
24,['C91.0'],"['E11.9', 'I10']","['diagnosis', 'maintenance', 'consolidation', 'maintenance']"
25,['C91.0'],['K76.0'],"['relapse', 'consolidation', 'maintenance', 'diagnosis', 'maintenance']"
26,['C94.0'],[],"['diagnosis', 'maintenance', 'relapse', 'induction', 'induction']"
27,['C94.0'],['K76.0'],"['diagnosis', 'induction', 'relapse']"
28,['C91.0'],['K76.0'],"['induction', 'induction', 'diagnosis', 'induction', 'maintenance']"
29,['C94.0'],['I10'],"['induction', 'palliative', 'relapse', 'palliative', 'diagnosis']"
30,['C94.0'],['K76.0'],"['diagnosis', 'induction', 'maintenance', 'palliative']"
31,['C92.0'],[],"['diagnosis', 'palliative', 'induction', 'induction']"
32,['C91.0'],"['I10', 'J45.9']","['diagnosis', 'maintenance', 'relapse']"
33,['C91.0'],"['E11.9', 'I10']","['induction', 'diagnosis', 'consolidation', 'diagnosis', 'diagnosis']"
34,['C94.0'],"['J45.9', 'I10']","['diagnosis', 'diagnosis']"
35,['C94.0'],[],"['diagnosis', 'maintenance', 'relapse', 'consolidation']"
36,['C94.0'],['E11.9'],"['diagnosis', 'palliative', 'induction']"
37,['C95.0'],[],"['diagnosis', 'consolidation', 'relapse', 'induction']"
38,['C93.0'],"['J45.9', 'E11.9']","['diagnosis', 'maintenance', 'palliative']"
39,['C95.0'],"['J45.9', 'I10']","['diagnosis', 'induction', 'induction', 'maintenance']"
40,['C91.0'],['K76.0'],"['diagnosis', 'consolidation', 'palliative', 'induction', 'palliative', 'induction']"
41,['C93.0'],['J45.9'],"['diagnosis', 'consolidation', 'relapse', 'palliative', 'induction', 'induction']"
42,['C93.0'],['K76.0'],"['diagnosis', 'relapse', 'maintenance']"
43,['C92.0'],['J45.9'],"['diagnosis', 'palliative', 'palliative', 'induction']"
44,['C93.0'],['J45.9'],"['diagnosis', 'relapse', 'maintenance']"
45,['C94.0'],[],"['maintenance', 'diagnosis', 'palliative']"
46,['C93.0'],"['J45.9', 'K76.0']","['relapse', 'diagnosis', 'consolidation']"
47,['C94.0'],"['J45.9', 'K76.0']","['induction', 'diagnosis', 'maintenance', 'diagnosis']"
48,['C92.0'],['E11.9'],"['diagnosis', 'diagnosis', 'palliative', 'consolidation']"
49,['C94.0'],"['J45.9', 'E11.9']","['consolidation', 'consolidation', 'consolidation', 'diagnosis']"
50,['C91.0'],['I10'],"['induction', 'relapse', 'induction', 'diagnosis']"
51,['C95.0'],['K76.0'],"['diagnosis', 'maintenance', 'consolidation', 'induction']"
52,['C94.0'],[],"['diagnosis', 'consolidation', 'relapse']"
53,['C94.0'],[],"['consolidation', 'diagnosis', 'induction', 'consolidation', 'induction']"
54,['C92.0'],['K76.0'],"['diagnosis', 'consolidation', 'maintenance', 'relapse', 'relapse']"
55,['C95.0'],[],"['diagnosis', 'palliative', 'maintenance', 'consolidation', 'palliative']"
56,['C92.0'],['J45.9'],"['maintenance', 'palliative', 'diagnosis', 'palliative', 'maintenance']"
57,['C91.0'],['J45.9'],"['palliative', 'diagnosis']"
58,['C91.0'],[],"['induction', 'diagnosis', 'maintenance']"
59,['C94.0'],['K76.0'],"['diagnosis', 'induction', 'induction']"
60,['C93.0'],['I10'],"['diagnosis', 'induction', 'maintenance', 'maintenance', 'relapse']"
61,['C93.0'],[],"['diagnosis', 'maintenance', 'consolidation', 'consolidation', 'relapse']"
62,['C93.0'],[],"['diagnosis', 'palliative', 'consolidation', 'relapse']"
63,['C91.0'],[],"['diagnosis', 'consolidation', 'consolidation']"
64,['C92.0'],"['K76.0', 'E11.9']","['induction', 'diagnosis']"
65,['C94.0'],[],"['diagnosis', 'induction', 'maintenance', 'induction', 'relapse', 'maintenance']"
66,['C93.0'],[],"['diagnosis', 'relapse', 'consolidation', 'relapse']"
67,['C94.0'],"['J45.9', 'E11.9']","['maintenance', 'relapse', 'palliative', 'diagnosis', 'relapse']"
68,['C93.0'],[],"['diagnosis', 'induction', 'consolidation', 'relapse', 'relapse', 'relapse']"
69,['C95.0'],['E11.9'],"['diagnosis', 'relapse', 'induction', 'palliative']"
70,['C92.0'],"['J45.9', 'I10']","['diagnosis', 'induction', 'maintenance']"
71,['C93.0'],[],"['diagnosis', 'palliative', 'consolidation']"
72,['C95.0'],[],"['diagnosis', 'maintenance']"
73,['C92.0'],"['K76.0', 'I10']","['diagnosis', 'palliative', 'palliative']"
74,['C93.0'],['I10'],"['diagnosis', 'relapse', 'induction', 'relapse']"
75,['C94.0'],['I10'],"['consolidation', 'diagnosis', 'diagnosis', 'induction', 'relapse']"
76,['C95.0'],"['J45.9', 'I10']","['palliative', 'diagnosis', 'consolidation']"
77,['C95.0'],['J45.9'],"['diagnosis', 'maintenance', 'relapse']"
78,['C93.0'],"['J45.9', 'I10']","['maintenance', 'diagnosis', 'relapse']"
79,['C93.0'],[],"['palliative', 'diagnosis', 'consolidation', 'consolidation', 'diagnosis']"
80,['C93.0'],"['I10', 'E11.9']","['maintenance', 'diagnosis', 'induction', 'maintenance', 'palliative']"
81,['C92.0'],['K76.0'],"['diagnosis', 'maintenance', 'maintenance', 'induction']"
82,['C93.0'],['E11.9'],"['relapse', 'maintenance', 'maintenance', 'diagnosis', 'palliative']"
83,['C91.0'],"['E11.9', 'J45.9']","['diagnosis', 'consolidation', 'maintenance', 'consolidation', 'relapse']"
84,['C93.0'],"['J45.9', 'K76.0']","['relapse', 'consolidation', 'consolidation', 'diagnosis', 'relapse']"
85,['C91.0'],[],"['diagnosis', 'induction', 'induction', 'maintenance', 'consolidation']"
86,['C91.0'],['J45.9'],"['diagnosis', 'consolidation', 'induction', 'diagnosis']"
87,['C91.0'],"['J45.9', 'K76.0']","['diagnosis', 'induction', 'palliative']"
88,['C95.0'],"['K76.0', 'J45.9']","['diagnosis', 'palliative', 'palliative', 'relapse', 'relapse', 'palliative']"
89,['C95.0'],[],"['diagnosis', 'relapse', 'induction', 'induction']"
90,['C95.0'],[],"['diagnosis', 'maintenance', 'induction']"
91,['C94.0'],['J45.9'],"['diagnosis', 'maintenance', 'consolidation', 'palliative']"
92,['C93.0'],[],"['diagnosis', 'induction', 'relapse']"
93,['C94.0'],[],"['diagnosis', 'diagnosis', 'consolidation']"
94,['C91.0'],['J45.9'],"['diagnosis', 'maintenance']"
95,['C93.0'],"['I10', 'J45.9']","['diagnosis', 'palliative', 'maintenance']"
96,['C93.0'],['J45.9'],"['diagnosis', 'induction', 'consolidation', 'relapse', 'relapse', 'relapse']"
97,['C93.0'],[],"['diagnosis', 'palliative', 'maintenance', 'palliative']"
98,['C93.0'],['J45.9'],"['diagnosis', 'palliative', 'maintenance']"
99,['C94.0'],"['E11.9', 'I10']","['diagnosis', 'induction', 'induction', 'consolidation', 'consolidation', 'maintenance']"
100,['C92.0'],[],"['relapse', 'maintenance', 'diagnosis', 'maintenance']"
101,['C91.0'],[],"['maintenance', 'palliative', 'induction', 'diagnosis']"
102,['C93.0'],['E11.9'],"['diagnosis', 'induction', 'induction', 'palliative']"
103,['C92.0'],[],"['relapse', 'diagnosis', 'induction']"
104,['C94.0'],[],"['diagnosis', 'consolidation', 'induction', 'palliative', 'palliative', 'palliative']"
105,['C92.0'],['J45.9'],"['diagnosis', 'consolidation', 'relapse']"
106,['C95.0'],['I10'],"['diagnosis', 'consolidation', 'relapse', 'palliative', 'relapse']"
107,['C92.0'],"['J45.9', 'I10']","['diagnosis', 'induction', 'palliative', 'consolidation']"
108,['C95.0'],[],"['diagnosis', 'induction', 'maintenance', 'relapse']"
109,['C94.0'],['K76.0'],"['diagnosis', 'palliative', 'induction']"
110,['C92.0'],"['E11.9', 'I10']","['palliative', 'diagnosis', 'palliative']"
111,['C93.0'],[],"['maintenance', 'diagnosis', 'relapse', 'palliative']"
112,['C93.0'],[],"['diagnosis', 'maintenance', 'relapse', 'palliative', 'palliative']"
113,['C91.0'],[],"['diagnosis', 'maintenance', 'consolidation', 'consolidation', 'relapse', 'maintenance']"
114,['C95.0'],"['K76.0', 'E11.9']","['diagnosis', 'maintenance', 'consolidation', 'induction']"
115,['C92.0'],"['K76.0', 'E11.9']","['consolidation', 'palliative', 'diagnosis']"
116,['C91.0'],"['I10', 'J45.9']","['diagnosis', 'induction']"
117,['C93.0'],[],"['diagnosis', 'induction', 'relapse', 'relapse', 'induction']"
118,['C92.0'],['K76.0'],"['diagnosis', 'palliative', 'induction']"
119,['C94.0'],['E11.9'],"['diagnosis', 'induction', 'maintenance', 'palliative', 'consolidation', 'maintenance']"
120,['C94.0'],[],"['diagnosis', 'relapse', 'maintenance']"
121,['C93.0'],[],"['diagnosis', 'relapse', 'induction', 'consolidation']"
122,['C91.0'],['K76.0'],"['diagnosis', 'consolidation', 'induction', 'maintenance']"
123,['C93.0'],['I10'],"['diagnosis', 'consolidation', 'maintenance', 'induction', 'consolidation', 'induction']"
124,['C92.0'],['K76.0'],"['diagnosis', 'maintenance', 'induction', 'maintenance']"
125,['C94.0'],['I10'],"['relapse', 'diagnosis']"
126,['C92.0'],[],"['maintenance', 'maintenance', 'diagnosis', 'induction', 'relapse']"
127,['C95.0'],['J45.9'],"['diagnosis', 'relapse', 'palliative', 'palliative']"
128,['C92.0'],"['I10', 'K76.0']","['diagnosis', 'relapse', 'diagnosis', 'induction']"
129,['C92.0'],['J45.9'],"['diagnosis', 'palliative', 'maintenance']"
130,['C92.0'],[],"['relapse', 'induction', 'diagnosis', 'consolidation']"
131,['C91.0'],"['I10', 'K76.0']","['palliative', 'relapse', 'diagnosis', 'diagnosis']"
132,['C91.0'],['I10'],"['diagnosis', 'consolidation', 'relapse', 'consolidation', 'relapse']"
133,['C94.0'],"['I10', 'E11.9']","['diagnosis', 'induction', 'consolidation', 'palliative', 'relapse', 'palliative']"
134,['C95.0'],"['I10', 'E11.9']","['diagnosis', 'palliative', 'relapse', 'induction', 'consolidation', 'palliative']"
135,['C91.0'],[],"['diagnosis', 'consolidation', 'maintenance', 'consolidation']"
136,['C93.0'],['I10'],"['diagnosis', 'consolidation', 'induction', 'maintenance']"
137,['C95.0'],[],"['palliative', 'consolidation', 'diagnosis', 'relapse']"
138,['C93.0'],['J45.9'],"['diagnosis', 'consolidation', 'maintenance', 'relapse', 'relapse']"
139,['C95.0'],[],"['diagnosis', 'maintenance', 'induction']"
140,['C94.0'],['K76.0'],"['diagnosis', 'relapse', 'induction', 'relapse']"
141,['C93.0'],[],"['diagnosis', 'palliative', 'relapse', 'diagnosis']"
142,['C93.0'],[],"['diagnosis', 'induction', 'induction', 'consolidation', 'consolidation', 'induction']"
143,['C93.0'],[],"['diagnosis', 'relapse', 'palliative', 'relapse']"
144,['C92.0'],"['I10', 'J45.9']","['diagnosis', 'induction', 'consolidation']"
145,['C92.0'],['I10'],"['diagnosis', 'relapse', 'palliative', 'consolidation', 'consolidation', 'consolidation']"
146,['C92.0'],"['I10', 'J45.9']","['diagnosis', 'palliative', 'induction', 'palliative', 'induction']"
147,['C95.0'],['E11.9'],"['diagnosis', 'relapse', 'diagnosis', 'maintenance', 'relapse']"
148,['C91.0'],[],"['palliative', 'relapse', 'diagnosis', 'consolidation']"
149,['C92.0'],[],"['diagnosis', 'diagnosis', 'relapse']"
150,['C93.0'],['E11.9'],"['maintenance', 'maintenance', 'relapse', 'induction', 'diagnosis']"
151,['C91.0'],[],"['diagnosis', 'induction', 'consolidation']"
152,['C91.0'],['K76.0'],"['diagnosis', 'relapse', 'relapse']"
153,['C92.0'],['J45.9'],"['diagnosis', 'maintenance', 'maintenance', 'induction', 'maintenance']"
154,['C92.0'],[],"['diagnosis', 'maintenance', 'maintenance']"
155,['C95.0'],[],"['diagnosis', 'induction', 'consolidation', 'relapse', 'palliative']"
156,['C92.0'],[],"['diagnosis', 'relapse', 'consolidation', 'consolidation']"
157,['C91.0'],['E11.9'],"['diagnosis', 'diagnosis']"
158,['C95.0'],[],"['diagnosis', 'palliative', 'induction', 'relapse', 'palliative']"
159,['C92.0'],['J45.9'],"['relapse', 'diagnosis', 'diagnosis', 'consolidation', 'induction']"
160,['C92.0'],['K76.0'],"['diagnosis', 'maintenance', 'palliative', 'consolidation', 'consolidation']"
161,['C92.0'],[],"['diagnosis', 'palliative', 'consolidation', 'maintenance']"
162,['C92.0'],"['E11.9', 'J45.9']","['diagnosis', 'palliative', 'maintenance', 'relapse', 'induction', 'induction']"
163,['C95.0'],[],"['maintenance', 'diagnosis', 'palliative', 'diagnosis']"
164,['C93.0'],[],"['diagnosis', 'palliative', 'consolidation', 'maintenance', 'maintenance']"
165,['C94.0'],"['J45.9', 'E11.9']","['diagnosis', 'palliative', 'maintenance', 'maintenance']"
166,['C95.0'],"['J45.9', 'I10']","['diagnosis', 'induction', 'palliative', 'relapse', 'maintenance']"
167,['C92.0'],"['I10', 'K76.0']","['maintenance', 'diagnosis', 'consolidation']"
168,['C91.0'],['J45.9'],"['diagnosis', 'palliative', 'palliative']"
169,['C95.0'],"['I10', 'E11.9']","['diagnosis', 'consolidation', 'relapse', 'relapse', 'relapse']"
170,['C95.0'],"['E11.9', 'I10']","['consolidation', 'diagnosis', 'diagnosis']"
171,['C95.0'],['E11.9'],"['diagnosis', 'diagnosis']"
172,['C95.0'],['I10'],"['diagnosis', 'palliative', 'relapse', 'relapse']"
173,['C91.0'],"['I10', 'E11.9']","['diagnosis', 'consolidation', 'maintenance', 'maintenance', 'relapse', 'consolidation']"
174,['C95.0'],[],"['maintenance', 'diagnosis']"
175,['C95.0'],"['E11.9', 'K76.0']","['diagnosis', 'relapse', 'palliative', 'relapse']"
176,['C91.0'],['J45.9'],"['palliative', 'relapse', 'relapse', 'diagnosis']"
177,['C93.0'],[],"['diagnosis', 'induction', 'consolidation']"
178,['C94.0'],[],"['diagnosis', 'induction', 'consolidation', 'maintenance', 'consolidation', 'maintenance']"
179,['C93.0'],"['E11.9', 'K76.0']","['diagnosis', 'relapse', 'induction', 'relapse']"
180,['C93.0'],['E11.9'],"['diagnosis', 'induction', 'maintenance']"
181,['C91.0'],"['E11.9', 'I10']","['maintenance', 'palliative', 'diagnosis']"
182,['C93.0'],[],"['diagnosis', 'induction', 'consolidation', 'induction']"
183,['C93.0'],"['K76.0', 'I10']","['diagnosis', 'palliative', 'induction', 'relapse']"
184,['C93.0'],['I10'],"['diagnosis', 'maintenance', 'relapse', 'relapse']"
185,['C95.0'],"['J45.9', 'I10']","['diagnosis', 'consolidation', 'consolidation', 'consolidation', 'maintenance', 'relapse']"
186,['C91.0'],['J45.9'],"['consolidation', 'induction', 'diagnosis']"
187,['C93.0'],['J45.9'],"['diagnosis', 'palliative', 'consolidation', 'palliative', 'relapse', 'relapse']"
188,['C95.0'],"['K76.0', 'I10']","['palliative', 'diagnosis', 'maintenance', 'consolidation']"
189,['C94.0'],[],"['diagnosis', 'diagnosis', 'induction', 'maintenance', 'relapse']"
190,['C93.0'],[],"['maintenance', 'maintenance', 'consolidation', 'diagnosis']"
191,['C92.0'],['K76.0'],"['diagnosis', 'relapse', 'palliative', 'relapse']"
192,['C93.0'],[],"['diagnosis', 'palliative', 'consolidation', 'palliative']"
193,['C93.0'],"['K76.0', 'E11.9']","['consolidation', 'maintenance', 'diagnosis']"
194,['C94.0'],"['E11.9', 'K76.0']","['diagnosis', 'induction', 'palliative']"
195,['C93.0'],"['K76.0', 'J45.9']","['diagnosis', 'consolidation', 'induction']"
196,['C92.0'],['E11.9'],"['relapse', 'diagnosis']"
197,['C95.0'],[],"['diagnosis', 'palliative', 'maintenance', 'maintenance']"
198,['C95.0'],[],"['diagnosis', 'consolidation', 'relapse', 'induction']"
199,['C93.0'],[],"['diagnosis', 'induction', 'relapse', 'induction', 'relapse']"
200,['C94.0'],['E11.9'],"['diagnosis', 'consolidation', 'relapse', 'induction', 'palliative']"
201,['C91.0'],['I10'],"['diagnosis', 'induction', 'palliative', 'induction', 'palliative']"
202,['C92.0'],"['I10', 'K76.0']","['diagnosis', 'maintenance', 'diagnosis', 'consolidation', 'maintenance']"
203,['C92.0'],"['K76.0', 'E11.9']","['palliative', 'consolidation', 'diagnosis']"
204,['C91.0'],['I10'],"['diagnosis', 'palliative', 'consolidation']"
205,['C93.0'],"['K76.0', 'I10']","['diagnosis', 'induction', 'consolidation', 'maintenance']"
206,['C95.0'],"['J45.9', 'E11.9']","['diagnosis', 'maintenance', 'palliative', 'induction']"
207,['C95.0'],"['I10', 'K76.0']","['consolidation', 'diagnosis', 'palliative', 'relapse']"
208,['C91.0'],[],"['diagnosis', 'relapse', 'maintenance', 'induction', 'palliative']"
209,['C93.0'],['J45.9'],"['diagnosis', 'palliative', 'palliative', 'induction', 'maintenance', 'palliative']"
210,['C92.0'],"['K76.0', 'J45.9']","['relapse', 'diagnosis']"
211,['C91.0'],"['K76.0', 'I10']","['diagnosis', 'consolidation', 'relapse', 'consolidation', 'consolidation', 'relapse']"
212,['C93.0'],[],"['diagnosis', 'consolidation', 'consolidation', 'induction']"
213,['C95.0'],"['I10', 'E11.9']","['diagnosis', 'diagnosis', 'palliative', 'induction', 'consolidation']"
214,['C92.0'],[],"['diagnosis', 'consolidation', 'maintenance']"
215,['C94.0'],[],"['diagnosis', 'palliative']"
216,['C95.0'],['I10'],"['maintenance', 'maintenance', 'diagnosis']"
217,['C91.0'],"['E11.9', 'K76.0']","['induction', 'diagnosis', 'induction', 'palliative']"
218,['C91.0'],[],"['diagnosis', 'induction', 'palliative', 'maintenance', 'maintenance']"
219,['C93.0'],"['I10', 'K76.0']","['diagnosis', 'induction', 'maintenance', 'induction', 'consolidation', 'induction']"
220,['C94.0'],"['I10', 'E11.9']","['diagnosis', 'induction', 'induction', 'relapse']"
221,['C95.0'],"['E11.9', 'J45.9']","['diagnosis', 'consolidation']"
222,['C94.0'],['K76.0'],"['diagnosis', 'palliative', 'consolidation']"
223,['C95.0'],['E11.9'],"['diagnosis', 'palliative', 'relapse', 'diagnosis']"
224,['C93.0'],['J45.9'],"['diagnosis', 'consolidation', 'relapse', 'relapse']"
225,['C91.0'],[],"['consolidation', 'diagnosis', 'palliative']"
226,['C95.0'],[],"['relapse', 'relapse', 'diagnosis']"
227,['C95.0'],[],"['diagnosis', 'induction', 'maintenance', 'maintenance', 'induction']"
228,['C95.0'],[],"['diagnosis', 'maintenance', 'induction']"
229,['C95.0'],['E11.9'],"['diagnosis', 'maintenance', 'induction', 'relapse']"
230,['C95.0'],['J45.9'],"['diagnosis', 'maintenance', 'palliative', 'induction']"
231,['C91.0'],['I10'],"['consolidation', 'relapse', 'diagnosis']"
232,['C91.0'],"['K76.0', 'J45.9']","['diagnosis', 'maintenance', 'relapse', 'palliative', 'relapse', 'consolidation']"
233,['C94.0'],"['E11.9', 'J45.9']","['diagnosis', 'relapse', 'palliative', 'palliative', 'consolidation', 'relapse']"
234,['C92.0'],[],"['diagnosis', 'induction', 'maintenance']"
235,['C93.0'],"['K76.0', 'I10']","['diagnosis', 'induction', 'palliative', 'consolidation', 'relapse', 'relapse']"
236,['C91.0'],[],"['diagnosis', 'consolidation', 'palliative', 'relapse', 'maintenance', 'induction']"
237,['C93.0'],[],"['diagnosis', 'relapse', 'consolidation', 'relapse']"
238,['C91.0'],[],"['consolidation', 'diagnosis']"
239,['C93.0'],[],"['diagnosis', 'maintenance', 'consolidation']"
240,['C95.0'],"['E11.9', 'I10']","['diagnosis', 'relapse', 'maintenance', 'consolidation', 'consolidation', 'consolidation']"
241,['C93.0'],['I10'],"['diagnosis', 'relapse', 'palliative']"
242,['C95.0'],[],"['relapse', 'diagnosis', 'diagnosis', 'induction', 'relapse']"
243,['C94.0'],[],"['diagnosis', 'induction', 'induction']"
244,['C91.0'],"['J45.9', 'I10']","['diagnosis', 'palliative', 'relapse']"
245,['C92.0'],['E11.9'],"['diagnosis', 'palliative', 'consolidation']"
246,['C93.0'],"['K76.0', 'E11.9']","['diagnosis', 'palliative', 'maintenance', 'induction']"
247,['C92.0'],[],"['diagnosis', 'consolidation', 'maintenance', 'maintenance', 'induction']"
248,['C93.0'],['K76.0'],"['diagnosis', 'palliative', 'induction', 'palliative', 'palliative']"
249,['C95.0'],[],"['diagnosis', 'consolidation', 'palliative', 'palliative', 'relapse']"
250,['C94.0'],"['E11.9', 'J45.9']","['diagnosis', 'relapse', 'relapse', 'maintenance', 'induction', 'maintenance']"
251,['C95.0'],"['J45.9', 'I10']","['diagnosis', 'palliative', 'induction']"
252,['C93.0'],[],"['diagnosis', 'consolidation']"
253,['C92.0'],[],"['consolidation', 'diagnosis', 'induction', 'maintenance']"
254,['C91.0'],['I10'],"['maintenance', 'diagnosis', 'relapse', 'diagnosis', 'diagnosis']"
255,['C94.0'],['E11.9'],"['induction', 'consolidation', 'diagnosis', 'relapse']"
256,['C94.0'],['E11.9'],"['diagnosis', 'relapse', 'maintenance', 'maintenance', 'maintenance']"
257,['C93.0'],['E11.9'],"['induction', 'diagnosis']"
258,['C94.0'],[],"['induction', 'diagnosis']"
259,['C91.0'],[],"['diagnosis', 'relapse', 'induction', 'maintenance', 'induction']"
260,['C91.0'],[],"['palliative', 'induction', 'diagnosis', 'relapse']"
261,['C92.0'],[],"['diagnosis', 'consolidation', 'maintenance', 'palliative', 'maintenance', 'consolidation']"
262,['C92.0'],"['E11.9', 'J45.9']","['consolidation', 'diagnosis', 'maintenance']"
263,['C95.0'],['E11.9'],"['diagnosis', 'maintenance', 'maintenance']"
264,['C95.0'],['J45.9'],"['relapse', 'diagnosis', 'palliative']"
265,['C95.0'],[],"['diagnosis', 'palliative', 'consolidation']"
266,['C92.0'],"['E11.9', 'I10']","['diagnosis', 'relapse', 'maintenance', 'maintenance', 'relapse']"
267,['C91.0'],['I10'],"['diagnosis', 'consolidation', 'consolidation', 'maintenance']"
268,['C91.0'],['K76.0'],"['diagnosis', 'induction', 'induction', 'palliative']"
269,['C95.0'],['E11.9'],"['diagnosis', 'consolidation', 'maintenance', 'relapse', 'palliative', 'relapse']"
270,['C94.0'],"['K76.0', 'J45.9']","['diagnosis', 'maintenance', 'induction']"
271,['C93.0'],['J45.9'],"['diagnosis', 'induction', 'consolidation']"
272,['C92.0'],['J45.9'],"['diagnosis', 'consolidation', 'relapse', 'palliative']"
273,['C95.0'],[],"['diagnosis', 'palliative', 'maintenance', 'relapse', 'induction', 'palliative']"
274,['C94.0'],"['I10', 'E11.9']","['induction', 'maintenance', 'palliative', 'diagnosis']"
275,['C92.0'],['J45.9'],"['diagnosis', 'relapse', 'consolidation']"
276,['C93.0'],[],"['diagnosis', 'diagnosis', 'consolidation']"
277,['C91.0'],['J45.9'],"['relapse', 'relapse', 'diagnosis']"
278,['C91.0'],['I10'],"['diagnosis', 'induction', 'maintenance', 'palliative']"
279,['C95.0'],[],"['diagnosis', 'maintenance', 'induction', 'induction']"
280,['C95.0'],"['I10', 'K76.0']","['diagnosis', 'maintenance', 'maintenance', 'induction', 'palliative', 'induction']"
281,['C94.0'],['J45.9'],"['diagnosis', 'palliative', 'maintenance', 'maintenance', 'induction', 'maintenance']"
282,['C91.0'],"['E11.9', 'J45.9']","['induction', 'maintenance', 'palliative', 'relapse', 'diagnosis']"
283,['C91.0'],['E11.9'],"['diagnosis', 'consolidation', 'maintenance', 'induction', 'maintenance', 'maintenance']"
284,['C91.0'],['J45.9'],"['diagnosis', 'consolidation', 'consolidation']"
285,['C93.0'],"['J45.9', 'I10']","['diagnosis', 'induction', 'maintenance', 'consolidation', 'maintenance', 'palliative']"
286,['C92.0'],['I10'],"['consolidation', 'maintenance', 'diagnosis', 'induction']"
287,['C92.0'],['K76.0'],"['diagnosis', 'maintenance', 'consolidation', 'consolidation', 'palliative']"
288,['C95.0'],[],"['diagnosis', 'induction', 'relapse']"
289,['C93.0'],[],"['induction', 'diagnosis', 'relapse', 'maintenance']"
290,['C91.0'],['J45.9'],"['diagnosis', 'consolidation']"
291,['C95.0'],[],"['consolidation', 'diagnosis', 'induction']"
292,['C92.0'],"['K76.0', 'I10']","['diagnosis', 'relapse', 'relapse']"
293,['C95.0'],"['J45.9', 'I10']","['diagnosis', 'diagnosis', 'diagnosis', 'maintenance', 'palliative']"
294,['C91.0'],['E11.9'],"['induction', 'palliative', 'maintenance', 'diagnosis']"
295,['C94.0'],"['E11.9', 'J45.9']","['diagnosis', 'palliative', 'consolidation', 'maintenance', 'induction', 'induction']"
296,['C94.0'],"['K76.0', 'I10']","['consolidation', 'diagnosis']"
297,['C93.0'],['I10'],"['diagnosis', 'induction', 'consolidation', 'consolidation', 'maintenance']"
298,['C93.0'],"['J45.9', 'I10']","['diagnosis', 'maintenance', 'induction', 'relapse', 'maintenance', 'relapse']"
299,['C95.0'],"['E11.9', 'K76.0']","['diagnosis', 'palliative', 'diagnosis']"
300,['C93.0'],"['E11.9', 'K76.0']","['diagnosis', 'maintenance', 'relapse', 'relapse']"
301,['C91.0'],['E11.9'],"['diagnosis', 'consolidation', 'relapse', 'diagnosis']"
302,['C94.0'],['E11.9'],"['diagnosis', 'consolidation', 'relapse']"
303,['C92.0'],"['I10', 'K76.0']","['palliative', 'induction', 'induction', 'diagnosis']"
304,['C93.0'],"['I10', 'K76.0']","['diagnosis', 'diagnosis', 'consolidation', 'induction', 'maintenance']"
305,['C93.0'],[],"['diagnosis', 'consolidation', 'induction', 'maintenance', 'palliative', 'relapse']"
306,['C92.0'],"['E11.9', 'J45.9']","['relapse', 'diagnosis', 'palliative']"
307,['C91.0'],[],"['diagnosis', 'relapse', 'consolidation', 'relapse', 'palliative']"
308,['C93.0'],"['I10', 'J45.9']","['diagnosis', 'relapse', 'palliative', 'palliative', 'induction']"
309,['C95.0'],[],"['relapse', 'relapse', 'palliative', 'diagnosis']"
310,['C92.0'],['J45.9'],"['diagnosis', 'consolidation', 'induction', 'palliative']"
311,['C92.0'],"['J45.9', 'K76.0']","['diagnosis', 'maintenance', 'induction', 'palliative']"
312,['C92.0'],"['E11.9', 'K76.0']","['diagnosis', 'induction', 'maintenance', 'maintenance', 'induction']"
313,['C91.0'],[],"['diagnosis', 'palliative', 'induction']"
314,['C93.0'],[],"['diagnosis', 'consolidation', 'relapse', 'induction', 'consolidation']"
315,['C91.0'],['I10'],"['relapse', 'diagnosis', 'relapse', 'diagnosis', 'consolidation']"
316,['C91.0'],['K76.0'],"['palliative', 'consolidation', 'diagnosis', 'maintenance']"
317,['C94.0'],[],"['diagnosis', 'maintenance', 'induction', 'palliative']"
318,['C95.0'],[],"['diagnosis', 'relapse', 'consolidation']"
319,['C92.0'],['J45.9'],"['maintenance', 'diagnosis', 'consolidation', 'palliative']"
320,['C95.0'],[],"['diagnosis', 'relapse', 'induction', 'maintenance']"
321,['C91.0'],[],"['diagnosis', 'diagnosis', 'relapse', 'diagnosis']"
322,['C91.0'],[],"['induction', 'relapse', 'diagnosis', 'palliative', 'induction']"
323,['C94.0'],[],"['consolidation', 'diagnosis', 'relapse', 'maintenance']"
324,['C94.0'],"['E11.9', 'I10']","['diagnosis', 'consolidation', 'relapse', 'palliative', 'relapse']"
325,['C95.0'],[],"['maintenance', 'diagnosis']"
326,['C95.0'],[],"['diagnosis', 'relapse', 'induction', 'relapse']"
327,['C93.0'],"['J45.9', 'I10']","['diagnosis', 'palliative', 'relapse', 'induction', 'palliative', 'palliative']"
328,['C95.0'],[],"['diagnosis', 'maintenance', 'relapse', 'induction']"
329,['C94.0'],[],"['diagnosis', 'palliative']"
330,['C91.0'],[],"['diagnosis', 'consolidation', 'maintenance', 'palliative', 'relapse']"
331,['C95.0'],[],"['diagnosis', 'induction', 'consolidation', 'consolidation']"
332,['C92.0'],[],"['consolidation', 'diagnosis', 'consolidation', 'palliative']"
333,['C94.0'],[],"['diagnosis', 'induction', 'consolidation', 'relapse']"
334,['C93.0'],[],"['diagnosis', 'relapse', 'palliative']"
335,['C95.0'],['K76.0'],"['consolidation', 'diagnosis', 'relapse', 'consolidation']"
336,['C91.0'],['E11.9'],"['diagnosis', 'consolidation', 'consolidation', 'relapse', 'consolidation']"
337,['C92.0'],['J45.9'],"['diagnosis', 'consolidation', 'relapse', 'relapse', 'palliative', 'palliative']"
338,['C92.0'],[],"['diagnosis', 'palliative', 'relapse']"
339,['C94.0'],['K76.0'],"['diagnosis', 'relapse', 'palliative', 'consolidation', 'palliative', 'maintenance']"
340,['C94.0'],"['J45.9', 'E11.9']","['diagnosis', 'induction', 'relapse', 'maintenance']"
341,['C94.0'],"['E11.9', 'J45.9']","['diagnosis', 'maintenance', 'induction', 'relapse']"
342,['C95.0'],"['K76.0', 'J45.9']","['relapse', 'diagnosis', 'induction', 'induction']"
343,['C92.0'],['J45.9'],"['diagnosis', 'induction', 'consolidation', 'consolidation', 'induction']"
344,['C92.0'],['E11.9'],"['diagnosis', 'induction', 'palliative', 'maintenance', 'relapse']"
345,['C91.0'],['E11.9'],"['diagnosis', 'consolidation', 'maintenance', 'consolidation']"
346,['C95.0'],[],"['diagnosis', 'maintenance', 'consolidation', 'palliative', 'consolidation']"
347,['C91.0'],['J45.9'],"['diagnosis', 'relapse', 'maintenance', 'maintenance']"
348,['C95.0'],[],"['diagnosis', 'maintenance', 'induction', 'palliative', 'palliative']"
349,['C91.0'],['E11.9'],"['diagnosis', 'consolidation', 'consolidation', 'palliative', 'maintenance', 'consolidation']"
350,['C95.0'],[],"['diagnosis', 'palliative', 'relapse', 'maintenance']"
351,['C92.0'],"['J45.9', 'K76.0']","['diagnosis', 'palliative', 'maintenance', 'induction', 'palliative']"
352,['C93.0'],"['K76.0', 'J45.9']","['diagnosis', 'induction', 'consolidation']"
353,['C92.0'],[],"['relapse', 'palliative', 'relapse', 'diagnosis', 'palliative']"
354,['C94.0'],[],"['diagnosis', 'consolidation', 'induction', 'induction', 'palliative', 'maintenance']"
355,['C94.0'],"['K76.0', 'I10']","['diagnosis', 'palliative', 'consolidation', 'palliative']"
356,['C92.0'],"['J45.9', 'K76.0']","['diagnosis', 'maintenance', 'consolidation', 'consolidation', 'palliative', 'relapse']"
357,['C95.0'],[],"['diagnosis', 'palliative', 'relapse']"
358,['C92.0'],"['K76.0', 'J45.9']","['consolidation', 'relapse', 'diagnosis', 'relapse', 'maintenance']"
359,['C93.0'],['K76.0'],"['diagnosis', 'diagnosis', 'induction', 'diagnosis']"
360,['C94.0'],[],"['consolidation', 'maintenance', 'maintenance', 'diagnosis', 'relapse']"
361,['C93.0'],"['E11.9', 'I10']","['diagnosis', 'maintenance', 'consolidation', 'maintenance', 'induction', 'induction']"
362,['C94.0'],[],"['diagnosis', 'relapse', 'maintenance']"
363,['C92.0'],['J45.9'],"['relapse', 'diagnosis', 'relapse', 'diagnosis', 'palliative']"
364,['C93.0'],"['K76.0', 'I10']","['maintenance', 'induction', 'palliative', 'diagnosis', 'palliative']"
365,['C95.0'],"['J45.9', 'E11.9']","['diagnosis', 'induction', 'maintenance']"
366,['C93.0'],[],"['diagnosis', 'maintenance', 'consolidation']"
367,['C93.0'],['I10'],"['diagnosis', 'palliative', 'induction']"
368,['C91.0'],"['I10', 'K76.0']","['relapse', 'diagnosis', 'consolidation']"
369,['C95.0'],['E11.9'],"['diagnosis', 'relapse', 'relapse', 'maintenance', 'palliative', 'maintenance']"
370,['C92.0'],"['I10', 'K76.0']","['relapse', 'induction', 'diagnosis']"
371,['C95.0'],['J45.9'],"['diagnosis', 'maintenance', 'relapse']"
372,['C94.0'],"['I10', 'J45.9']","['relapse', 'diagnosis', 'maintenance']"
373,['C94.0'],['E11.9'],"['diagnosis', 'relapse', 'palliative']"
374,['C94.0'],[],"['diagnosis', 'consolidation', 'palliative']"
375,['C94.0'],"['E11.9', 'J45.9']","['diagnosis', 'relapse', 'palliative', 'relapse', 'palliative', 'relapse']"
376,['C91.0'],"['J45.9', 'E11.9']","['diagnosis', 'palliative', 'consolidation']"
377,['C95.0'],['K76.0'],"['diagnosis', 'induction', 'relapse', 'relapse', 'relapse', 'induction']"
378,['C94.0'],[],"['diagnosis', 'maintenance', 'consolidation', 'palliative', 'relapse']"
379,['C92.0'],[],"['diagnosis', 'diagnosis', 'diagnosis', 'diagnosis', 'diagnosis']"
380,['C94.0'],"['K76.0', 'J45.9']","['diagnosis', 'relapse', 'relapse', 'relapse', 'palliative', 'palliative']"
381,['C92.0'],[],"['palliative', 'diagnosis']"
382,['C93.0'],['E11.9'],"['diagnosis', 'induction', 'induction']"
383,['C94.0'],[],"['diagnosis', 'maintenance', 'palliative']"
384,['C95.0'],['E11.9'],"['maintenance', 'relapse', 'diagnosis', 'relapse', 'induction']"
385,['C92.0'],"['K76.0', 'E11.9']","['diagnosis', 'palliative', 'consolidation']"
386,['C95.0'],['K76.0'],"['diagnosis', 'palliative', 'induction', 'palliative', 'palliative', 'palliative']"
387,['C92.0'],"['K76.0', 'J45.9']","['diagnosis', 'consolidation', 'induction', 'consolidation', 'palliative', 'consolidation']"
388,['C95.0'],"['I10', 'J45.9']","['diagnosis', 'consolidation', 'consolidation', 'relapse']"
389,['C95.0'],['J45.9'],"['diagnosis', 'maintenance', 'consolidation', 'induction']"
390,['C91.0'],[],"['palliative', 'diagnosis', 'palliative', 'maintenance', 'consolidation']"
391,['C94.0'],[],"['relapse', 'diagnosis']"
392,['C92.0'],"['E11.9', 'J45.9']","['relapse', 'relapse', 'maintenance', 'diagnosis', 'relapse']"
393,['C93.0'],['J45.9'],"['relapse', 'relapse', 'diagnosis']"
394,['C92.0'],[],"['palliative', 'diagnosis', 'maintenance', 'diagnosis']"
395,['C91.0'],['E11.9'],"['palliative', 'diagnosis']"
396,['C92.0'],"['J45.9', 'E11.9']","['diagnosis', 'relapse', 'induction', 'relapse', 'palliative', 'relapse']"
397,['C91.0'],"['E11.9', 'I10']","['diagnosis', 'palliative', 'consolidation']"
398,['C94.0'],['E11.9'],"['relapse', 'palliative', 'maintenance', 'palliative', 'diagnosis']"
399,['C95.0'],['I10'],"['diagnosis', 'relapse', 'relapse']"
400,['C92.0'],"['J45.9', 'K76.0']","['diagnosis', 'relapse', 'relapse']"
401,['C92.0'],[],"['diagnosis', 'relapse', 'palliative']"
402,['C92.0'],['K76.0'],"['palliative', 'diagnosis', 'maintenance']"
403,['C94.0'],['E11.9'],"['maintenance', 'induction', 'relapse', 'consolidation', 'diagnosis']"
404,['C91.0'],[],"['diagnosis', 'diagnosis', 'diagnosis']"
405,['C91.0'],['K76.0'],"['diagnosis', 'consolidation', 'relapse', 'maintenance', 'maintenance', 'palliative']"
406,['C94.0'],[],"['diagnosis', 'relapse', 'induction', 'diagnosis']"
407,['C91.0'],"['J45.9', 'E11.9']","['consolidation', 'induction', 'diagnosis']"
408,['C91.0'],"['E11.9', 'I10']","['diagnosis', 'consolidation', 'consolidation', 'relapse', 'relapse']"
409,['C95.0'],[],"['diagnosis', 'relapse', 'consolidation']"
410,['C92.0'],[],"['diagnosis', 'consolidation']"
411,['C92.0'],"['E11.9', 'I10']","['diagnosis', 'induction', 'diagnosis', 'maintenance', 'relapse']"
412,['C92.0'],[],"['diagnosis', 'consolidation', 'induction']"
413,['C95.0'],"['I10', 'K76.0']","['palliative', 'diagnosis', 'diagnosis']"
414,['C95.0'],"['E11.9', 'I10']","['palliative', 'diagnosis']"
415,['C91.0'],[],"['diagnosis', 'relapse', 'maintenance', 'relapse', 'induction']"
416,['C95.0'],"['E11.9', 'I10']","['induction', 'induction', 'relapse', 'induction', 'diagnosis']"
417,['C93.0'],['E11.9'],"['diagnosis', 'palliative', 'diagnosis']"
418,['C94.0'],[],"['palliative', 'maintenance', 'maintenance', 'relapse', 'diagnosis']"
419,['C95.0'],"['E11.9', 'J45.9']","['diagnosis', 'palliative', 'palliative']"
420,['C93.0'],['K76.0'],"['diagnosis', 'consolidation', 'relapse']"
421,['C95.0'],[],"['diagnosis', 'relapse', 'relapse', 'consolidation']"
422,['C94.0'],['J45.9'],"['diagnosis', 'induction', 'relapse', 'relapse']"
423,['C95.0'],[],"['maintenance', 'maintenance', 'relapse', 'maintenance', 'diagnosis']"
424,['C93.0'],['K76.0'],"['diagnosis', 'maintenance', 'consolidation', 'maintenance', 'consolidation']"
425,['C93.0'],"['I10', 'J45.9']","['relapse', 'relapse', 'diagnosis', 'maintenance']"
426,['C95.0'],"['K76.0', 'E11.9']","['relapse', 'diagnosis', 'induction']"
427,['C91.0'],[],"['maintenance', 'palliative', 'induction', 'diagnosis']"
428,['C95.0'],[],"['diagnosis', 'induction', 'relapse']"
429,['C94.0'],"['E11.9', 'I10']","['induction', 'diagnosis', 'maintenance', 'diagnosis', 'relapse']"
430,['C93.0'],"['I10', 'K76.0']","['diagnosis', 'induction', 'consolidation', 'maintenance', 'consolidation']"
431,['C92.0'],[],"['induction', 'induction', 'diagnosis', 'palliative']"
432,['C95.0'],"['I10', 'J45.9']","['diagnosis', 'maintenance', 'consolidation']"
433,['C95.0'],[],"['relapse', 'diagnosis']"
434,['C92.0'],['J45.9'],"['maintenance', 'diagnosis', 'relapse', 'consolidation']"
435,['C94.0'],[],"['diagnosis', 'consolidation', 'induction', 'induction', 'maintenance']"
436,['C94.0'],[],"['diagnosis', 'relapse', 'maintenance']"
437,['C92.0'],[],"['diagnosis', 'consolidation', 'consolidation', 'maintenance', 'maintenance']"
438,['C93.0'],"['I10', 'K76.0']","['diagnosis', 'induction', 'relapse', 'induction']"
439,['C92.0'],"['E11.9', 'J45.9']","['induction', 'induction', 'relapse', 'diagnosis', 'palliative']"
440,['C95.0'],['J45.9'],"['diagnosis', 'maintenance', 'relapse', 'relapse']"
441,['C92.0'],"['J45.9', 'I10']","['palliative', 'diagnosis', 'diagnosis', 'maintenance']"
442,['C95.0'],[],"['palliative', 'diagnosis', 'palliative', 'relapse']"
443,['C95.0'],['E11.9'],"['diagnosis', 'consolidation', 'maintenance']"
444,['C95.0'],['I10'],"['diagnosis', 'maintenance', 'induction']"
445,['C91.0'],"['I10', 'K76.0']","['maintenance', 'diagnosis']"
446,['C95.0'],[],"['diagnosis', 'relapse', 'maintenance', 'palliative', 'maintenance']"
447,['C93.0'],[],"['maintenance', 'diagnosis']"
448,['C94.0'],['K76.0'],"['diagnosis', 'relapse', 'diagnosis', 'palliative', 'palliative']"
449,['C91.0'],[],"['diagnosis', 'maintenance', 'consolidation', 'consolidation', 'palliative', 'relapse']"
450,['C94.0'],[],"['diagnosis', 'palliative', 'relapse', 'maintenance']"
451,['C93.0'],"['J45.9', 'E11.9']","['diagnosis', 'induction', 'consolidation']"
452,['C95.0'],"['I10', 'K76.0']","['diagnosis', 'consolidation', 'consolidation', 'palliative', 'palliative', 'maintenance']"
453,['C93.0'],[],"['consolidation', 'diagnosis', 'relapse', 'maintenance']"
454,['C94.0'],"['K76.0', 'J45.9']","['relapse', 'diagnosis', 'palliative', 'palliative', 'relapse']"
455,['C91.0'],['J45.9'],"['diagnosis', 'relapse', 'palliative']"
456,['C92.0'],[],"['diagnosis', 'consolidation', 'palliative', 'maintenance']"
457,['C92.0'],[],"['diagnosis', 'consolidation', 'relapse', 'palliative']"
458,['C93.0'],['J45.9'],"['diagnosis', 'consolidation', 'palliative']"
459,['C93.0'],[],"['diagnosis', 'consolidation', 'relapse']"
460,['C91.0'],['E11.9'],"['consolidation', 'diagnosis', 'relapse', 'consolidation', 'consolidation']"
461,['C95.0'],"['I10', 'J45.9']","['induction', 'induction', 'diagnosis', 'palliative']"
462,['C95.0'],[],"['diagnosis', 'maintenance', 'maintenance']"
463,['C91.0'],"['I10', 'J45.9']","['diagnosis', 'induction', 'relapse', 'induction']"
464,['C92.0'],"['J45.9', 'K76.0']","['diagnosis', 'palliative', 'diagnosis', 'consolidation', 'maintenance']"
465,['C93.0'],['I10'],"['diagnosis', 'maintenance', 'palliative']"
466,['C95.0'],"['J45.9', 'E11.9']","['diagnosis', 'induction', 'palliative']"
467,['C91.0'],"['I10', 'K76.0']","['consolidation', 'maintenance', 'diagnosis', 'induction']"
468,['C93.0'],"['I10', 'E11.9']","['diagnosis', 'palliative', 'consolidation']"
469,['C93.0'],[],"['diagnosis', 'relapse', 'induction', 'consolidation', 'consolidation']"
470,['C91.0'],[],"['diagnosis', 'induction', 'induction']"
471,['C91.0'],"['J45.9', 'K76.0']","['diagnosis', 'consolidation', 'palliative', 'induction', 'induction', 'palliative']"
472,['C94.0'],"['J45.9', 'K76.0']","['diagnosis', 'induction', 'consolidation', 'maintenance']"
473,['C95.0'],[],"['diagnosis', 'consolidation', 'palliative']"
474,['C94.0'],['K76.0'],"['diagnosis', 'relapse', 'relapse', 'palliative', 'induction']"
475,['C92.0'],"['K76.0', 'E11.9']","['diagnosis', 'consolidation', 'consolidation', 'relapse', 'consolidation']"
476,['C91.0'],['J45.9'],"['diagnosis', 'induction', 'consolidation', 'palliative', 'palliative', 'maintenance']"
477,['C92.0'],[],"['diagnosis', 'maintenance', 'diagnosis', 'induction', 'consolidation']"
478,['C94.0'],['J45.9'],"['diagnosis', 'maintenance', 'relapse']"
479,['C94.0'],[],"['diagnosis', 'maintenance', 'relapse', 'induction', 'induction']"
480,['C91.0'],[],"['diagnosis', 'consolidation', 'maintenance']"
481,['C91.0'],[],"['induction', 'induction', 'diagnosis', 'consolidation', 'diagnosis']"
482,['C94.0'],[],"['consolidation', 'diagnosis', 'relapse', 'maintenance']"
483,['C91.0'],"['J45.9', 'I10']","['diagnosis', 'induction', 'induction', 'diagnosis']"
484,['C91.0'],['K76.0'],"['diagnosis', 'relapse', 'consolidation']"
485,['C94.0'],['E11.9'],"['diagnosis', 'consolidation', 'maintenance']"
486,['C94.0'],['E11.9'],"['diagnosis', 'relapse', 'maintenance', 'relapse']"
487,['C94.0'],[],"['palliative', 'consolidation', 'diagnosis', 'consolidation']"
488,['C92.0'],[],"['diagnosis', 'induction', 'maintenance', 'palliative']"
489,['C92.0'],[],"['diagnosis', 'induction', 'relapse', 'relapse']"
490,['C92.0'],[],"['induction', 'palliative', 'maintenance', 'diagnosis', 'palliative']"
491,['C94.0'],"['I10', 'E11.9']","['induction', 'diagnosis', 'maintenance']"
492,['C92.0'],[],"['consolidation', 'induction', 'diagnosis', 'induction']"
493,['C93.0'],"['J45.9', 'E11.9']","['diagnosis', 'induction', 'palliative', 'palliative', 'palliative', 'palliative']"
494,['C91.0'],[],"['diagnosis', 'induction', 'palliative', 'maintenance']"
495,['C95.0'],"['E11.9', 'J45.9']","['diagnosis', 'maintenance', 'consolidation']"
496,['C92.0'],['E11.9'],"['maintenance', 'maintenance', 'maintenance', 'diagnosis']"
497,['C93.0'],"['J45.9', 'E11.9']","['diagnosis', 'palliative', 'relapse']"
498,['C92.0'],"['I10', 'J45.9']","['induction', 'diagnosis', 'palliative', 'consolidation']"
499,['C93.0'],['E11.9'],"['diagnosis', 'maintenance', 'relapse']"
500,['C91.0'],['E11.9'],"['diagnosis', 'relapse', 'induction', 'relapse', 'induction']"
